{"cameraMode":{"drawMode":0,"name":"Shaded","section":"Shading Mode"},"sceneLighting":false,"audioPlay":false,"sceneViewState":{"m_AlwaysRefresh":false,"showFog":true,"showSkybox":false,"showFlares":true,"showImageEffects":true,"showParticleSystems":true,"showVisualEffectGraphs":true,"m_FxEnabled":true},"in2DMode":false,"pivot":{"x":-0.5304393172264099,"y":3.027758836746216,"z":1.3679625988006592},"rotation":{"x":0.21403323113918305,"y":-0.07288037240505219,"z":0.016027649864554406,"w":0.9740017652511597},"size":4.1575422286987309,"orthographic":false}