{"cameraMode":{"drawMode":0,"name":"Shaded","section":"Shading Mode"},"sceneLighting":false,"audioPlay":false,"sceneViewState":{"m_AlwaysRefresh":false,"showFog":true,"showSkybox":false,"showFlares":true,"showImageEffects":true,"showParticleSystems":true,"showVisualEffectGraphs":true,"m_FxEnabled":true},"in2DMode":false,"pivot":{"x":0.8971388936042786,"y":-4.464668273925781,"z":2.8665294647216799},"rotation":{"x":-0.2523305416107178,"y":-0.040049441158771518,"z":0.010452007874846459,"w":-0.9667658805847168},"size":7.077969074249268,"orthographic":false}